[
  {
    "id": 1,
    "titulo": "Noite Estrelada",
    "descricao": "Obra de Van Gogh",
    "imagem":
    "https://upload.wikimedia.org/wikipedia/commons/thumb/e/ea/Van_Gogh_-_Starry_Night_-_Google_Art_Project.jpg/640px-Van_Gogh_-_Starry_Night_-_Google_Art_Project.jpg"
  },
  {
    "id": 2,
    "titulo": "Monalisa",
    "descricao": "Obra de Leonardo da Vinci",
    "imagem":
    "https://upload.wikimedia.org/wikipedia/commons/thumb/e/ec/Mona_Lisa%2C_by_Leonardo_da_Vinci%2C_from_C2RMF_retouched.jpg/640px-Mona_Lisa%2C_by_Leonardo_da_Vinci%2C_from_C2RMF_retouched.jpg"
  }
]